,PassengerId,Survived,Pclass,SibSp,Parch,Fare,Age,Sex_female,Sex_male,Deck_A,Deck_B,Deck_C,Deck_D,Deck_E,Deck_F,Deck_G,Deck_T,Embarked_C,Embarked_Q,Embarked_S
0,1,0,3,1,0,7.25,22.0,0,1,0,0,1,0,0,0,0,0,0,0,1
1,2,1,1,1,0,71.2833,38.0,1,0,0,0,1,0,0,0,0,0,1,0,0
2,3,1,3,0,0,7.925,26.0,1,0,0,0,1,0,0,0,0,0,0,0,1
3,4,1,1,1,0,53.1,35.0,1,0,0,0,1,0,0,0,0,0,0,0,1
4,5,0,3,0,0,8.05,35.0,0,1,0,0,1,0,0,0,0,0,0,0,1
5,6,0,3,0,0,8.4583,29.69911764705882,0,1,0,0,1,0,0,0,0,0,0,1,0
6,7,0,1,0,0,51.8625,54.0,0,1,0,0,0,0,1,0,0,0,0,0,1
7,9,1,3,0,2,11.1333,27.0,1,0,0,0,1,0,0,0,0,0,0,0,1
8,10,1,2,1,0,30.0708,14.0,1,0,0,0,1,0,0,0,0,0,1,0,0
9,11,1,3,1,1,16.7,4.0,1,0,0,0,0,0,0,0,1,0,0,0,1
10,13,0,3,0,0,8.05,20.0,0,1,0,0,1,0,0,0,0,0,0,0,1
11,14,0,3,1,5,31.275,39.0,0,1,0,0,1,0,0,0,0,0,0,0,1
12,15,0,3,0,0,7.8542,14.0,1,0,0,0,1,0,0,0,0,0,0,0,1
13,18,1,2,0,0,13.0,29.69911764705882,0,1,0,0,1,0,0,0,0,0,0,0,1
14,19,0,3,1,0,18.0,31.0,1,0,0,0,1,0,0,0,0,0,0,0,1
15,20,1,3,0,0,7.225,29.69911764705882,1,0,0,0,1,0,0,0,0,0,1,0,0
16,21,0,2,0,0,26.0,35.0,0,1,0,0,1,0,0,0,0,0,0,0,1
17,22,1,2,0,0,13.0,34.0,0,1,0,0,0,1,0,0,0,0,0,0,1
18,23,1,3,0,0,8.0292,15.0,1,0,0,0,1,0,0,0,0,0,0,1,0
19,24,1,1,0,0,35.5,28.0,0,1,1,0,0,0,0,0,0,0,0,0,1
20,25,0,3,3,1,21.075,8.0,1,0,0,0,1,0,0,0,0,0,0,0,1
21,26,1,3,1,5,31.3875,38.0,1,0,0,0,1,0,0,0,0,0,0,0,1
22,27,0,3,0,0,7.225,29.69911764705882,0,1,0,0,1,0,0,0,0,0,1,0,0
23,28,0,1,3,2,263.0,19.0,0,1,0,0,1,0,0,0,0,0,0,0,1
24,29,1,3,0,0,7.8792,29.69911764705882,1,0,0,0,1,0,0,0,0,0,0,1,0
25,30,0,3,0,0,7.8958,29.69911764705882,0,1,0,0,1,0,0,0,0,0,0,0,1
26,31,0,1,0,0,27.7208,40.0,0,1,0,0,1,0,0,0,0,0,1,0,0
27,32,1,1,1,0,146.5208,29.69911764705882,1,0,0,1,0,0,0,0,0,0,1,0,0
28,33,1,3,0,0,7.75,29.69911764705882,1,0,0,0,1,0,0,0,0,0,0,1,0
29,35,0,1,1,0,82.1708,28.0,0,1,0,0,1,0,0,0,0,0,1,0,0
30,36,0,1,1,0,52.0,42.0,0,1,0,0,1,0,0,0,0,0,0,0,1
31,37,1,3,0,0,7.2292,29.69911764705882,0,1,0,0,1,0,0,0,0,0,1,0,0
32,38,0,3,0,0,8.05,21.0,0,1,0,0,1,0,0,0,0,0,0,0,1
33,39,0,3,2,0,18.0,18.0,1,0,0,0,1,0,0,0,0,0,0,0,1
34,40,1,3,1,0,11.2417,14.0,1,0,0,0,1,0,0,0,0,0,1,0,0
35,41,0,3,1,0,9.475,40.0,1,0,0,0,1,0,0,0,0,0,0,0,1
36,42,0,2,1,0,21.0,27.0,1,0,0,0,1,0,0,0,0,0,0,0,1
37,43,0,3,0,0,7.8958,29.69911764705882,0,1,0,0,1,0,0,0,0,0,1,0,0
38,44,1,2,1,2,41.5792,3.0,1,0,0,0,1,0,0,0,0,0,1,0,0
39,45,1,3,0,0,7.8792,19.0,1,0,0,0,1,0,0,0,0,0,0,1,0
40,46,0,3,0,0,8.05,29.69911764705882,0,1,0,0,1,0,0,0,0,0,0,0,1
41,47,0,3,1,0,15.5,29.69911764705882,0,1,0,0,1,0,0,0,0,0,0,1,0
42,48,1,3,0,0,7.75,29.69911764705882,1,0,0,0,1,0,0,0,0,0,0,1,0
43,49,0,3,2,0,21.6792,29.69911764705882,0,1,0,0,1,0,0,0,0,0,1,0,0
44,50,0,3,1,0,17.8,18.0,1,0,0,0,1,0,0,0,0,0,0,0,1
45,51,0,3,4,1,39.6875,7.0,0,1,0,0,1,0,0,0,0,0,0,0,1
46,52,0,3,0,0,7.8,21.0,0,1,0,0,1,0,0,0,0,0,0,0,1
47,53,1,1,1,0,76.7292,49.0,1,0,0,0,0,1,0,0,0,0,1,0,0
48,54,1,2,1,0,26.0,29.0,1,0,0,0,1,0,0,0,0,0,0,0,1
49,56,1,1,0,0,35.5,29.69911764705882,0,1,0,0,1,0,0,0,0,0,0,0,1
50,57,1,2,0,0,10.5,21.0,1,0,0,0,1,0,0,0,0,0,0,0,1
51,58,0,3,0,0,7.2292,28.5,0,1,0,0,1,0,0,0,0,0,1,0,0
52,59,1,2,1,2,27.75,5.0,1,0,0,0,1,0,0,0,0,0,0,0,1
53,60,0,3,5,2,46.9,11.0,0,1,0,0,1,0,0,0,0,0,0,0,1
54,61,0,3,0,0,7.2292,22.0,0,1,0,0,1,0,0,0,0,0,1,0,0
55,62,1,1,0,0,80.0,38.0,1,0,0,1,0,0,0,0,0,0,0,0,1
56,63,0,1,1,0,83.475,45.0,0,1,0,0,1,0,0,0,0,0,0,0,1
57,64,0,3,3,2,27.9,4.0,0,1,0,0,1,0,0,0,0,0,0,0,1
58,65,0,1,0,0,27.7208,29.69911764705882,0,1,0,0,1,0,0,0,0,0,1,0,0
59,66,1,3,1,1,15.2458,29.69911764705882,0,1,0,0,1,0,0,0,0,0,1,0,0
60,67,1,2,0,0,10.5,29.0,1,0,0,0,0,0,0,1,0,0,0,0,1
61,68,0,3,0,0,8.1583,19.0,0,1,0,0,1,0,0,0,0,0,0,0,1
62,69,1,3,4,2,7.925,17.0,1,0,0,0,1,0,0,0,0,0,0,0,1
63,70,0,3,2,0,8.6625,26.0,0,1,0,0,1,0,0,0,0,0,0,0,1
64,71,0,2,0,0,10.5,32.0,0,1,0,0,1,0,0,0,0,0,0,0,1
65,72,0,3,5,2,46.9,16.0,1,0,0,0,1,0,0,0,0,0,0,0,1
66,73,0,2,0,0,73.5,21.0,0,1,0,0,1,0,0,0,0,0,0,0,1
67,74,0,3,1,0,14.4542,26.0,0,1,0,0,1,0,0,0,0,0,1,0,0
68,75,1,3,0,0,56.4958,32.0,0,1,0,0,1,0,0,0,0,0,0,0,1
69,76,0,3,0,0,7.65,25.0,0,1,0,0,0,0,0,1,0,0,0,0,1
70,77,0,3,0,0,7.8958,29.69911764705882,0,1,0,0,1,0,0,0,0,0,0,0,1
71,78,0,3,0,0,8.05,29.69911764705882,0,1,0,0,1,0,0,0,0,0,0,0,1
72,80,1,3,0,0,12.475,30.0,1,0,0,0,1,0,0,0,0,0,0,0,1
73,81,0,3,0,0,9.0,22.0,0,1,0,0,1,0,0,0,0,0,0,0,1
74,82,1,3,0,0,9.5,29.0,0,1,0,0,1,0,0,0,0,0,0,0,1
75,83,1,3,0,0,7.7875,29.69911764705882,1,0,0,0,1,0,0,0,0,0,0,1,0
76,84,0,1,0,0,47.1,28.0,0,1,0,0,1,0,0,0,0,0,0,0,1
77,85,1,2,0,0,10.5,17.0,1,0,0,0,1,0,0,0,0,0,0,0,1
78,86,1,3,3,0,15.85,33.0,1,0,0,0,1,0,0,0,0,0,0,0,1
79,87,0,3,1,3,34.375,16.0,0,1,0,0,1,0,0,0,0,0,0,0,1
80,88,0,3,0,0,8.05,29.69911764705882,0,1,0,0,1,0,0,0,0,0,0,0,1
81,89,1,1,3,2,263.0,23.0,1,0,0,0,1,0,0,0,0,0,0,0,1
82,90,0,3,0,0,8.05,24.0,0,1,0,0,1,0,0,0,0,0,0,0,1
83,91,0,3,0,0,8.05,29.0,0,1,0,0,1,0,0,0,0,0,0,0,1
84,92,0,3,0,0,7.8542,20.0,0,1,0,0,1,0,0,0,0,0,0,0,1
85,93,0,1,1,0,61.175,46.0,0,1,0,0,0,0,1,0,0,0,0,0,1
86,94,0,3,1,2,20.575,26.0,0,1,0,0,1,0,0,0,0,0,0,0,1
87,96,0,3,0,0,8.05,29.69911764705882,0,1,0,0,1,0,0,0,0,0,0,0,1
88,98,1,1,0,1,63.3583,23.0,0,1,0,0,0,1,0,0,0,0,1,0,0
89,99,1,2,0,1,23.0,34.0,1,0,0,0,1,0,0,0,0,0,0,0,1
90,100,0,2,1,0,26.0,34.0,0,1,0,0,1,0,0,0,0,0,0,0,1
91,101,0,3,0,0,7.8958,28.0,1,0,0,0,1,0,0,0,0,0,0,0,1
92,102,0,3,0,0,7.8958,29.69911764705882,0,1,0,0,1,0,0,0,0,0,0,0,1
93,103,0,1,0,1,77.2875,21.0,0,1,0,0,0,1,0,0,0,0,0,0,1
94,104,0,3,0,0,8.6542,33.0,0,1,0,0,1,0,0,0,0,0,0,0,1
95,105,0,3,2,0,7.925,37.0,0,1,0,0,1,0,0,0,0,0,0,0,1
96,106,0,3,0,0,7.8958,28.0,0,1,0,0,1,0,0,0,0,0,0,0,1
97,107,1,3,0,0,7.65,21.0,1,0,0,0,1,0,0,0,0,0,0,0,1
98,108,1,3,0,0,7.775,29.69911764705882,0,1,0,0,1,0,0,0,0,0,0,0,1
99,109,0,3,0,0,7.8958,38.0,0,1,0,0,1,0,0,0,0,0,0,0,1
100,110,1,3,1,0,24.15,29.69911764705882,1,0,0,0,1,0,0,0,0,0,0,1,0
101,111,0,1,0,0,52.0,47.0,0,1,0,0,1,0,0,0,0,0,0,0,1
102,112,0,3,1,0,14.4542,14.5,1,0,0,0,1,0,0,0,0,0,1,0,0
103,113,0,3,0,0,8.05,22.0,0,1,0,0,1,0,0,0,0,0,0,0,1
104,114,0,3,1,0,9.825,20.0,1,0,0,0,1,0,0,0,0,0,0,0,1
105,115,0,3,0,0,14.4583,17.0,1,0,0,0,1,0,0,0,0,0,1,0,0
106,116,0,3,0,0,7.925,21.0,0,1,0,0,1,0,0,0,0,0,0,0,1
107,118,0,2,1,0,21.0,29.0,0,1,0,0,1,0,0,0,0,0,0,0,1
108,119,0,1,0,1,247.5208,24.0,0,1,0,1,0,0,0,0,0,0,1,0,0
109,121,0,2,2,0,73.5,21.0,0,1,0,0,1,0,0,0,0,0,0,0,1
110,122,0,3,0,0,8.05,29.69911764705882,0,1,0,0,1,0,0,0,0,0,0,0,1
111,123,0,2,1,0,30.0708,32.5,0,1,0,0,1,0,0,0,0,0,1,0,0
112,124,1,2,0,0,13.0,32.5,1,0,0,0,0,0,1,0,0,0,0,0,1
113,125,0,1,0,1,77.2875,54.0,0,1,0,0,0,1,0,0,0,0,0,0,1
114,126,1,3,1,0,11.2417,12.0,0,1,0,0,1,0,0,0,0,0,1,0,0
115,127,0,3,0,0,7.75,29.69911764705882,0,1,0,0,1,0,0,0,0,0,0,1,0
116,128,1,3,0,0,7.1417,24.0,0,1,0,0,1,0,0,0,0,0,0,0,1
117,129,1,3,1,1,22.3583,29.69911764705882,1,0,0,0,0,0,0,1,0,0,1,0,0
118,130,0,3,0,0,6.975,45.0,0,1,0,0,1,0,0,0,0,0,0,0,1
119,131,0,3,0,0,7.8958,33.0,0,1,0,0,1,0,0,0,0,0,1,0,0
120,132,0,3,0,0,7.05,20.0,0,1,0,0,1,0,0,0,0,0,0,0,1
121,133,0,3,1,0,14.5,47.0,1,0,0,0,1,0,0,0,0,0,0,0,1
122,134,1,2,1,0,26.0,29.0,1,0,0,0,1,0,0,0,0,0,0,0,1
123,135,0,2,0,0,13.0,25.0,0,1,0,0,1,0,0,0,0,0,0,0,1
124,136,0,2,0,0,15.0458,23.0,0,1,0,0,1,0,0,0,0,0,1,0,0
125,137,1,1,0,2,26.2833,19.0,1,0,0,0,0,1,0,0,0,0,0,0,1
126,138,0,1,1,0,53.1,37.0,0,1,0,0,1,0,0,0,0,0,0,0,1
127,139,0,3,0,0,9.2167,16.0,0,1,0,0,1,0,0,0,0,0,0,0,1
128,140,0,1,0,0,79.2,24.0,0,1,0,1,0,0,0,0,0,0,1,0,0
129,141,0,3,0,2,15.2458,29.69911764705882,1,0,0,0,1,0,0,0,0,0,1,0,0
130,142,1,3,0,0,7.75,22.0,1,0,0,0,1,0,0,0,0,0,0,0,1
131,143,1,3,1,0,15.85,24.0,1,0,0,0,1,0,0,0,0,0,0,0,1
132,144,0,3,0,0,6.75,19.0,0,1,0,0,1,0,0,0,0,0,0,1,0
133,145,0,2,0,0,11.5,18.0,0,1,0,0,1,0,0,0,0,0,0,0,1
134,146,0,2,1,1,36.75,19.0,0,1,0,0,1,0,0,0,0,0,0,0,1
135,147,1,3,0,0,7.7958,27.0,0,1,0,0,1,0,0,0,0,0,0,0,1
136,148,0,3,2,2,34.375,9.0,1,0,0,0,1,0,0,0,0,0,0,0,1
137,149,0,2,0,2,26.0,36.5,0,1,0,0,0,0,0,1,0,0,0,0,1
138,150,0,2,0,0,13.0,42.0,0,1,0,0,1,0,0,0,0,0,0,0,1
139,151,0,2,0,0,12.525,51.0,0,1,0,0,1,0,0,0,0,0,0,0,1
140,152,1,1,1,0,66.6,22.0,1,0,0,0,1,0,0,0,0,0,0,0,1
141,154,0,3,0,2,14.5,40.5,0,1,0,0,1,0,0,0,0,0,0,0,1
142,155,0,3,0,0,7.3125,29.69911764705882,0,1,0,0,1,0,0,0,0,0,0,0,1
143,156,0,1,0,1,61.3792,51.0,0,1,0,0,1,0,0,0,0,0,1,0,0
144,157,1,3,0,0,7.7333,16.0,1,0,0,0,1,0,0,0,0,0,0,1,0
145,158,0,3,0,0,8.05,30.0,0,1,0,0,1,0,0,0,0,0,0,0,1
146,159,0,3,0,0,8.6625,29.69911764705882,0,1,0,0,1,0,0,0,0,0,0,0,1
147,160,0,3,8,2,69.55,29.69911764705882,0,1,0,0,1,0,0,0,0,0,0,0,1
148,161,0,3,0,1,16.1,44.0,0,1,0,0,1,0,0,0,0,0,0,0,1
149,162,1,2,0,0,15.75,40.0,1,0,0,0,1,0,0,0,0,0,0,0,1
150,163,0,3,0,0,7.775,26.0,0,1,0,0,1,0,0,0,0,0,0,0,1
151,164,0,3,0,0,8.6625,17.0,0,1,0,0,1,0,0,0,0,0,0,0,1
152,166,1,3,0,2,20.525,9.0,0,1,0,0,1,0,0,0,0,0,0,0,1
153,167,1,1,0,1,55.0,29.69911764705882,1,0,0,0,0,0,1,0,0,0,0,0,1
154,168,0,3,1,4,27.9,45.0,1,0,0,0,1,0,0,0,0,0,0,0,1
155,169,0,1,0,0,25.925,29.69911764705882,0,1,0,0,1,0,0,0,0,0,0,0,1
156,170,0,3,0,0,56.4958,28.0,0,1,0,0,1,0,0,0,0,0,0,0,1
157,172,0,3,4,1,29.125,4.0,0,1,0,0,1,0,0,0,0,0,0,1,0
158,174,0,3,0,0,7.925,21.0,0,1,0,0,1,0,0,0,0,0,0,0,1
159,176,0,3,1,1,7.8542,18.0,0,1,0,0,1,0,0,0,0,0,0,0,1
160,177,0,3,3,1,25.4667,29.69911764705882,0,1,0,0,1,0,0,0,0,0,0,0,1
161,178,0,1,0,0,28.7125,50.0,1,0,0,0,1,0,0,0,0,0,1,0,0
162,179,0,2,0,0,13.0,30.0,0,1,0,0,1,0,0,0,0,0,0,0,1
163,180,0,3,0,0,0.0,36.0,0,1,0,0,1,0,0,0,0,0,0,0,1
164,181,0,3,8,2,69.55,29.69911764705882,1,0,0,0,1,0,0,0,0,0,0,0,1
165,182,0,2,0,0,15.05,29.69911764705882,0,1,0,0,1,0,0,0,0,0,1,0,0
166,183,0,3,4,2,31.3875,9.0,0,1,0,0,1,0,0,0,0,0,0,0,1
167,185,1,3,0,2,22.025,4.0,1,0,0,0,1,0,0,0,0,0,0,0,1
168,186,0,1,0,0,50.0,29.69911764705882,0,1,1,0,0,0,0,0,0,0,0,0,1
169,187,1,3,1,0,15.5,29.69911764705882,1,0,0,0,1,0,0,0,0,0,0,1,0
170,188,1,1,0,0,26.55,45.0,0,1,0,0,1,0,0,0,0,0,0,0,1
171,189,0,3,1,1,15.5,40.0,0,1,0,0,1,0,0,0,0,0,0,1,0
172,190,0,3,0,0,7.8958,36.0,0,1,0,0,1,0,0,0,0,0,0,0,1
173,191,1,2,0,0,13.0,32.0,1,0,0,0,1,0,0,0,0,0,0,0,1
174,192,0,2,0,0,13.0,19.0,0,1,0,0,1,0,0,0,0,0,0,0,1
175,193,1,3,1,0,7.8542,19.0,1,0,0,0,1,0,0,0,0,0,0,0,1
176,194,1,2,1,1,26.0,3.0,0,1,0,0,0,0,0,1,0,0,0,0,1
177,195,1,1,0,0,27.7208,44.0,1,0,0,1,0,0,0,0,0,0,1,0,0
178,197,0,3,0,0,7.75,29.69911764705882,0,1,0,0,1,0,0,0,0,0,0,1,0
179,198,0,3,0,1,8.4042,42.0,0,1,0,0,1,0,0,0,0,0,0,0,1
180,199,1,3,0,0,7.75,29.69911764705882,1,0,0,0,1,0,0,0,0,0,0,1,0
181,200,0,2,0,0,13.0,24.0,1,0,0,0,1,0,0,0,0,0,0,0,1
182,201,0,3,0,0,9.5,28.0,0,1,0,0,1,0,0,0,0,0,0,0,1
183,202,0,3,8,2,69.55,29.69911764705882,0,1,0,0,1,0,0,0,0,0,0,0,1
184,203,0,3,0,0,6.4958,34.0,0,1,0,0,1,0,0,0,0,0,0,0,1
185,204,0,3,0,0,7.225,45.5,0,1,0,0,1,0,0,0,0,0,1,0,0
186,205,1,3,0,0,8.05,18.0,0,1,0,0,1,0,0,0,0,0,0,0,1
187,207,0,3,1,0,15.85,32.0,0,1,0,0,1,0,0,0,0,0,0,0,1
188,208,1,3,0,0,18.7875,26.0,0,1,0,0,1,0,0,0,0,0,1,0,0
189,209,1,3,0,0,7.75,16.0,1,0,0,0,1,0,0,0,0,0,0,1,0
190,210,1,1,0,0,31.0,40.0,0,1,1,0,0,0,0,0,0,0,1,0,0
191,211,0,3,0,0,7.05,24.0,0,1,0,0,1,0,0,0,0,0,0,0,1
192,212,1,2,0,0,21.0,35.0,1,0,0,0,1,0,0,0,0,0,0,0,1
193,213,0,3,0,0,7.25,22.0,0,1,0,0,1,0,0,0,0,0,0,0,1
194,214,0,2,0,0,13.0,30.0,0,1,0,0,1,0,0,0,0,0,0,0,1
195,215,0,3,1,0,7.75,29.69911764705882,0,1,0,0,1,0,0,0,0,0,0,1,0
196,216,1,1,1,0,113.275,31.0,1,0,0,0,0,1,0,0,0,0,1,0,0
197,217,1,3,0,0,7.925,27.0,1,0,0,0,1,0,0,0,0,0,0,0,1
198,218,0,2,1,0,27.0,42.0,0,1,0,0,1,0,0,0,0,0,0,0,1
199,219,1,1,0,0,76.2917,32.0,1,0,0,0,0,1,0,0,0,0,1,0,0
200,220,0,2,0,0,10.5,30.0,0,1,0,0,1,0,0,0,0,0,0,0,1
201,221,1,3,0,0,8.05,16.0,0,1,0,0,1,0,0,0,0,0,0,0,1
202,222,0,2,0,0,13.0,27.0,0,1,0,0,1,0,0,0,0,0,0,0,1
203,223,0,3,0,0,8.05,51.0,0,1,0,0,1,0,0,0,0,0,0,0,1
204,224,0,3,0,0,7.8958,29.69911764705882,0,1,0,0,1,0,0,0,0,0,0,0,1
205,225,1,1,1,0,90.0,38.0,0,1,0,0,1,0,0,0,0,0,0,0,1
206,226,0,3,0,0,9.35,22.0,0,1,0,0,1,0,0,0,0,0,0,0,1
207,227,1,2,0,0,10.5,19.0,0,1,0,0,1,0,0,0,0,0,0,0,1
208,228,0,3,0,0,7.25,20.5,0,1,0,0,1,0,0,0,0,0,0,0,1
209,229,0,2,0,0,13.0,18.0,0,1,0,0,1,0,0,0,0,0,0,0,1
210,230,0,3,3,1,25.4667,29.69911764705882,1,0,0,0,1,0,0,0,0,0,0,0,1
211,231,1,1,1,0,83.475,35.0,1,0,0,0,1,0,0,0,0,0,0,0,1
212,232,0,3,0,0,7.775,29.0,0,1,0,0,1,0,0,0,0,0,0,0,1
213,234,1,3,4,2,31.3875,5.0,1,0,0,0,1,0,0,0,0,0,0,0,1
214,235,0,2,0,0,10.5,24.0,0,1,0,0,1,0,0,0,0,0,0,0,1
215,236,0,3,0,0,7.55,29.69911764705882,1,0,0,0,1,0,0,0,0,0,0,0,1
216,237,0,2,1,0,26.0,44.0,0,1,0,0,1,0,0,0,0,0,0,0,1
217,238,1,2,0,2,26.25,8.0,1,0,0,0,1,0,0,0,0,0,0,0,1
218,239,0,2,0,0,10.5,19.0,0,1,0,0,1,0,0,0,0,0,0,0,1
219,240,0,2,0,0,12.275,33.0,0,1,0,0,1,0,0,0,0,0,0,0,1
220,241,0,3,1,0,14.4542,29.69911764705882,1,0,0,0,1,0,0,0,0,0,1,0,0
221,242,1,3,1,0,15.5,29.69911764705882,1,0,0,0,1,0,0,0,0,0,0,1,0
222,243,0,2,0,0,10.5,29.0,0,1,0,0,1,0,0,0,0,0,0,0,1
223,244,0,3,0,0,7.125,22.0,0,1,0,0,1,0,0,0,0,0,0,0,1
224,245,0,3,0,0,7.225,30.0,0,1,0,0,1,0,0,0,0,0,1,0,0
225,246,0,1,2,0,90.0,44.0,0,1,0,0,1,0,0,0,0,0,0,1,0
226,247,0,3,0,0,7.775,25.0,1,0,0,0,1,0,0,0,0,0,0,0,1
227,248,1,2,0,2,14.5,24.0,1,0,0,0,1,0,0,0,0,0,0,0,1
228,249,1,1,1,1,52.5542,37.0,0,1,0,0,0,1,0,0,0,0,0,0,1
229,250,0,2,1,0,26.0,54.0,0,1,0,0,1,0,0,0,0,0,0,0,1
230,251,0,3,0,0,7.25,29.69911764705882,0,1,0,0,1,0,0,0,0,0,0,0,1
231,252,0,3,1,1,10.4625,29.0,1,0,0,0,0,0,0,0,1,0,0,0,1
232,254,0,3,1,0,16.1,30.0,0,1,0,0,1,0,0,0,0,0,0,0,1
233,255,0,3,0,2,20.2125,41.0,1,0,0,0,1,0,0,0,0,0,0,0,1
234,256,1,3,0,2,15.2458,29.0,1,0,0,0,1,0,0,0,0,0,1,0,0
235,257,1,1,0,0,79.2,29.69911764705882,1,0,0,0,1,0,0,0,0,0,1,0,0
236,258,1,1,0,0,86.5,30.0,1,0,0,1,0,0,0,0,0,0,0,0,1
237,259,1,1,0,0,512.3292,35.0,1,0,0,0,1,0,0,0,0,0,1,0,0
238,260,1,2,0,1,26.0,50.0,1,0,0,0,1,0,0,0,0,0,0,0,1
239,261,0,3,0,0,7.75,29.69911764705882,0,1,0,0,1,0,0,0,0,0,0,1,0
240,262,1,3,4,2,31.3875,3.0,0,1,0,0,1,0,0,0,0,0,0,0,1
241,263,0,1,1,1,79.65,52.0,0,1,0,0,0,0,1,0,0,0,0,0,1
242,264,0,1,0,0,0.0,40.0,0,1,0,1,0,0,0,0,0,0,0,0,1
243,265,0,3,0,0,7.75,29.69911764705882,1,0,0,0,1,0,0,0,0,0,0,1,0
244,266,0,2,0,0,10.5,36.0,0,1,0,0,1,0,0,0,0,0,0,0,1
245,267,0,3,4,1,39.6875,16.0,0,1,0,0,1,0,0,0,0,0,0,0,1
246,268,1,3,1,0,7.775,25.0,0,1,0,0,1,0,0,0,0,0,0,0,1
247,270,1,1,0,0,135.6333,35.0,1,0,0,0,1,0,0,0,0,0,0,0,1
248,271,0,1,0,0,31.0,29.69911764705882,0,1,0,0,1,0,0,0,0,0,0,0,1
249,272,1,3,0,0,0.0,25.0,0,1,0,0,1,0,0,0,0,0,0,0,1
250,273,1,2,0,1,19.5,41.0,1,0,0,0,1,0,0,0,0,0,0,0,1
251,274,0,1,0,1,29.7,37.0,0,1,0,0,1,0,0,0,0,0,1,0,0
252,275,1,3,0,0,7.75,29.69911764705882,1,0,0,0,1,0,0,0,0,0,0,1,0
253,277,0,3,0,0,7.75,45.0,1,0,0,0,1,0,0,0,0,0,0,0,1
254,278,0,2,0,0,0.0,29.69911764705882,0,1,0,0,1,0,0,0,0,0,0,0,1
255,279,0,3,4,1,29.125,7.0,0,1,0,0,1,0,0,0,0,0,0,1,0
256,280,1,3,1,1,20.25,35.0,1,0,0,0,1,0,0,0,0,0,0,0,1
257,282,0,3,0,0,7.8542,28.0,0,1,0,0,1,0,0,0,0,0,0,0,1
258,283,0,3,0,0,9.5,16.0,0,1,0,0,1,0,0,0,0,0,0,0,1
259,284,1,3,0,0,8.05,19.0,0,1,0,0,1,0,0,0,0,0,0,0,1
260,285,0,1,0,0,26.0,29.69911764705882,0,1,1,0,0,0,0,0,0,0,0,0,1
261,286,0,3,0,0,8.6625,33.0,0,1,0,0,1,0,0,0,0,0,1,0,0
262,287,1,3,0,0,9.5,30.0,0,1,0,0,1,0,0,0,0,0,0,0,1
263,288,0,3,0,0,7.8958,22.0,0,1,0,0,1,0,0,0,0,0,0,0,1
264,289,1,2,0,0,13.0,42.0,0,1,0,0,1,0,0,0,0,0,0,0,1
265,290,1,3,0,0,7.75,22.0,1,0,0,0,1,0,0,0,0,0,0,1,0
266,291,1,1,0,0,78.85,26.0,1,0,0,0,1,0,0,0,0,0,0,0,1
267,292,1,1,1,0,91.0792,19.0,1,0,0,1,0,0,0,0,0,0,1,0,0
268,293,0,2,0,0,12.875,36.0,0,1,0,0,0,1,0,0,0,0,1,0,0
269,294,0,3,0,0,8.85,24.0,1,0,0,0,1,0,0,0,0,0,0,0,1
270,295,0,3,0,0,7.8958,24.0,0,1,0,0,1,0,0,0,0,0,0,0,1
271,296,0,1,0,0,27.7208,29.69911764705882,0,1,0,0,1,0,0,0,0,0,1,0,0
272,297,0,3,0,0,7.2292,23.5,0,1,0,0,1,0,0,0,0,0,1,0,0
273,299,1,1,0,0,30.5,29.69911764705882,0,1,0,0,1,0,0,0,0,0,0,0,1
274,300,1,1,0,1,247.5208,50.0,1,0,0,1,0,0,0,0,0,0,1,0,0
275,301,1,3,0,0,7.75,29.69911764705882,1,0,0,0,1,0,0,0,0,0,0,1,0
276,302,1,3,2,0,23.25,29.69911764705882,0,1,0,0,1,0,0,0,0,0,0,1,0
277,303,0,3,0,0,0.0,19.0,0,1,0,0,1,0,0,0,0,0,0,0,1
278,304,1,2,0,0,12.35,29.69911764705882,1,0,0,0,0,0,1,0,0,0,0,1,0
279,305,0,3,0,0,8.05,29.69911764705882,0,1,0,0,1,0,0,0,0,0,0,0,1
280,307,1,1,0,0,110.8833,29.69911764705882,1,0,0,0,1,0,0,0,0,0,1,0,0
281,308,1,1,1,0,108.9,17.0,1,0,0,0,1,0,0,0,0,0,1,0,0
282,309,0,2,1,0,24.0,30.0,0,1,0,0,1,0,0,0,0,0,1,0,0
283,310,1,1,0,0,56.9292,30.0,1,0,0,0,0,0,1,0,0,0,1,0,0
284,311,1,1,0,0,83.1583,24.0,1,0,0,0,1,0,0,0,0,0,1,0,0
285,312,1,1,2,2,262.375,18.0,1,0,0,1,0,0,0,0,0,0,1,0,0
286,313,0,2,1,1,26.0,26.0,1,0,0,0,1,0,0,0,0,0,0,0,1
287,314,0,3,0,0,7.8958,28.0,0,1,0,0,1,0,0,0,0,0,0,0,1
288,315,0,2,1,1,26.25,43.0,0,1,0,0,1,0,0,0,0,0,0,0,1
289,316,1,3,0,0,7.8542,26.0,1,0,0,0,1,0,0,0,0,0,0,0,1
290,317,1,2,1,0,26.0,24.0,1,0,0,0,1,0,0,0,0,0,0,0,1
291,318,0,2,0,0,14.0,54.0,0,1,0,0,1,0,0,0,0,0,0,0,1
292,319,1,1,0,2,164.8667,31.0,1,0,0,0,1,0,0,0,0,0,0,0,1
293,320,1,1,1,1,134.5,40.0,1,0,0,0,0,0,1,0,0,0,1,0,0
294,321,0,3,0,0,7.25,22.0,0,1,0,0,1,0,0,0,0,0,0,0,1
295,322,0,3,0,0,7.8958,27.0,0,1,0,0,1,0,0,0,0,0,0,0,1
296,323,1,2,0,0,12.35,30.0,1,0,0,0,1,0,0,0,0,0,0,1,0
297,324,1,2,1,1,29.0,22.0,1,0,0,0,1,0,0,0,0,0,0,0,1
298,325,0,3,8,2,69.55,29.69911764705882,0,1,0,0,1,0,0,0,0,0,0,0,1
299,326,1,1,0,0,135.6333,36.0,1,0,0,0,1,0,0,0,0,0,1,0,0
300,328,1,2,0,0,13.0,36.0,1,0,0,0,0,1,0,0,0,0,0,0,1
301,329,1,3,1,1,20.525,31.0,1,0,0,0,1,0,0,0,0,0,0,0,1
302,330,1,1,0,1,57.9792,16.0,1,0,0,1,0,0,0,0,0,0,1,0,0
303,331,1,3,2,0,23.25,29.69911764705882,1,0,0,0,1,0,0,0,0,0,0,1,0
304,332,0,1,0,0,28.5,45.5,0,1,0,0,1,0,0,0,0,0,0,0,1
305,333,0,1,0,1,153.4625,38.0,0,1,0,0,1,0,0,0,0,0,0,0,1
306,334,0,3,2,0,18.0,16.0,0,1,0,0,1,0,0,0,0,0,0,0,1
307,335,1,1,1,0,133.65,29.69911764705882,1,0,0,0,1,0,0,0,0,0,0,0,1
308,336,0,3,0,0,7.8958,29.69911764705882,0,1,0,0,1,0,0,0,0,0,0,0,1
309,337,0,1,1,0,66.6,29.0,0,1,0,0,1,0,0,0,0,0,0,0,1
310,338,1,1,0,0,134.5,41.0,1,0,0,0,0,0,1,0,0,0,1,0,0
311,339,1,3,0,0,8.05,45.0,0,1,0,0,1,0,0,0,0,0,0,0,1
312,340,0,1,0,0,35.5,45.0,0,1,0,0,0,0,0,0,0,1,0,0,1
313,342,1,1,3,2,263.0,24.0,1,0,0,0,1,0,0,0,0,0,0,0,1
314,343,0,2,0,0,13.0,28.0,0,1,0,0,1,0,0,0,0,0,0,0,1
315,344,0,2,0,0,13.0,25.0,0,1,0,0,1,0,0,0,0,0,0,0,1
316,345,0,2,0,0,13.0,36.0,0,1,0,0,1,0,0,0,0,0,0,0,1
317,346,1,2,0,0,13.0,24.0,1,0,0,0,0,0,0,1,0,0,0,0,1
318,347,1,2,0,0,13.0,40.0,1,0,0,0,1,0,0,0,0,0,0,0,1
319,348,1,3,1,0,16.1,29.69911764705882,1,0,0,0,1,0,0,0,0,0,0,0,1
320,349,1,3,1,1,15.9,3.0,0,1,0,0,1,0,0,0,0,0,0,0,1
321,350,0,3,0,0,8.6625,42.0,0,1,0,0,1,0,0,0,0,0,0,0,1
322,351,0,3,0,0,9.225,23.0,0,1,0,0,1,0,0,0,0,0,0,0,1
323,352,0,1,0,0,35.0,29.69911764705882,0,1,0,0,1,0,0,0,0,0,0,0,1
324,353,0,3,1,1,7.2292,15.0,0,1,0,0,1,0,0,0,0,0,1,0,0
325,354,0,3,1,0,17.8,25.0,0,1,0,0,1,0,0,0,0,0,0,0,1
326,355,0,3,0,0,7.225,29.69911764705882,0,1,0,0,1,0,0,0,0,0,1,0,0
327,356,0,3,0,0,9.5,28.0,0,1,0,0,1,0,0,0,0,0,0,0,1
328,357,1,1,0,1,55.0,22.0,1,0,0,0,0,0,1,0,0,0,0,0,1
329,358,0,2,0,0,13.0,38.0,1,0,0,0,1,0,0,0,0,0,0,0,1
330,359,1,3,0,0,7.8792,29.69911764705882,1,0,0,0,1,0,0,0,0,0,0,1,0
331,360,1,3,0,0,7.8792,29.69911764705882,1,0,0,0,1,0,0,0,0,0,0,1,0
332,361,0,3,1,4,27.9,40.0,0,1,0,0,1,0,0,0,0,0,0,0,1
333,362,0,2,1,0,27.7208,29.0,0,1,0,0,1,0,0,0,0,0,1,0,0
334,363,0,3,0,1,14.4542,45.0,1,0,0,0,1,0,0,0,0,0,1,0,0
335,364,0,3,0,0,7.05,35.0,0,1,0,0,1,0,0,0,0,0,0,0,1
336,365,0,3,1,0,15.5,29.69911764705882,0,1,0,0,1,0,0,0,0,0,0,1,0
337,366,0,3,0,0,7.25,30.0,0,1,0,0,1,0,0,0,0,0,0,0,1
338,368,1,3,0,0,7.2292,29.69911764705882,1,0,0,0,1,0,0,0,0,0,1,0,0
339,369,1,3,0,0,7.75,29.69911764705882,1,0,0,0,1,0,0,0,0,0,0,1,0
340,370,1,1,0,0,69.3,24.0,1,0,0,1,0,0,0,0,0,0,1,0,0
341,371,1,1,1,0,55.4417,25.0,0,1,0,0,0,0,1,0,0,0,1,0,0
342,372,0,3,1,0,6.4958,18.0,0,1,0,0,1,0,0,0,0,0,0,0,1
343,373,0,3,0,0,8.05,19.0,0,1,0,0,1,0,0,0,0,0,0,0,1
344,374,0,1,0,0,135.6333,22.0,0,1,0,0,1,0,0,0,0,0,1,0,0
345,375,0,3,3,1,21.075,3.0,1,0,0,0,1,0,0,0,0,0,0,0,1
346,376,1,1,1,0,82.1708,29.69911764705882,1,0,0,0,1,0,0,0,0,0,1,0,0
347,377,1,3,0,0,7.25,22.0,1,0,0,0,1,0,0,0,0,0,0,0,1
348,378,0,1,0,2,211.5,27.0,0,1,0,0,1,0,0,0,0,0,1,0,0
349,379,0,3,0,0,4.0125,20.0,0,1,0,0,1,0,0,0,0,0,1,0,0
350,380,0,3,0,0,7.775,19.0,0,1,0,0,1,0,0,0,0,0,0,0,1
351,381,1,1,0,0,227.525,42.0,1,0,0,0,1,0,0,0,0,0,1,0,0
352,383,0,3,0,0,7.925,32.0,0,1,0,0,1,0,0,0,0,0,0,0,1
353,384,1,1,1,0,52.0,35.0,1,0,0,0,1,0,0,0,0,0,0,0,1
354,385,0,3,0,0,7.8958,29.69911764705882,0,1,0,0,1,0,0,0,0,0,0,0,1
355,386,0,2,0,0,73.5,18.0,0,1,0,0,1,0,0,0,0,0,0,0,1
356,388,1,2,0,0,13.0,36.0,1,0,0,0,1,0,0,0,0,0,0,0,1
357,389,0,3,0,0,7.7292,29.69911764705882,0,1,0,0,1,0,0,0,0,0,0,1,0
358,390,1,2,0,0,12.0,17.0,1,0,0,0,1,0,0,0,0,0,1,0,0
359,391,1,1,1,2,120.0,36.0,0,1,0,1,0,0,0,0,0,0,0,0,1
360,392,1,3,0,0,7.7958,21.0,0,1,0,0,1,0,0,0,0,0,0,0,1
361,393,0,3,2,0,7.925,28.0,0,1,0,0,1,0,0,0,0,0,0,0,1
362,394,1,1,1,0,113.275,23.0,1,0,0,0,0,1,0,0,0,0,1,0,0
363,395,1,3,0,2,16.7,24.0,1,0,0,0,0,0,0,0,1,0,0,0,1
364,396,0,3,0,0,7.7958,22.0,0,1,0,0,1,0,0,0,0,0,0,0,1
365,397,0,3,0,0,7.8542,31.0,1,0,0,0,1,0,0,0,0,0,0,0,1
366,398,0,2,0,0,26.0,46.0,0,1,0,0,1,0,0,0,0,0,0,0,1
367,399,0,2,0,0,10.5,23.0,0,1,0,0,1,0,0,0,0,0,0,0,1
368,400,1,2,0,0,12.65,28.0,1,0,0,0,1,0,0,0,0,0,0,0,1
369,401,1,3,0,0,7.925,39.0,0,1,0,0,1,0,0,0,0,0,0,0,1
370,402,0,3,0,0,8.05,26.0,0,1,0,0,1,0,0,0,0,0,0,0,1
371,403,0,3,1,0,9.825,21.0,1,0,0,0,1,0,0,0,0,0,0,0,1
372,404,0,3,1,0,15.85,28.0,0,1,0,0,1,0,0,0,0,0,0,0,1
373,405,0,3,0,0,8.6625,20.0,1,0,0,0,1,0,0,0,0,0,0,0,1
374,406,0,2,1,0,21.0,34.0,0,1,0,0,1,0,0,0,0,0,0,0,1
375,407,0,3,0,0,7.75,51.0,0,1,0,0,1,0,0,0,0,0,0,0,1
376,408,1,2,1,1,18.75,3.0,0,1,0,0,1,0,0,0,0,0,0,0,1
377,409,0,3,0,0,7.775,21.0,0,1,0,0,1,0,0,0,0,0,0,0,1
378,410,0,3,3,1,25.4667,29.69911764705882,1,0,0,0,1,0,0,0,0,0,0,0,1
379,411,0,3,0,0,7.8958,29.69911764705882,0,1,0,0,1,0,0,0,0,0,0,0,1
380,412,0,3,0,0,6.8583,29.69911764705882,0,1,0,0,1,0,0,0,0,0,0,1,0
381,413,1,1,1,0,90.0,33.0,1,0,0,0,1,0,0,0,0,0,0,1,0
382,414,0,2,0,0,0.0,29.69911764705882,0,1,0,0,1,0,0,0,0,0,0,0,1
383,415,1,3,0,0,7.925,44.0,0,1,0,0,1,0,0,0,0,0,0,0,1
384,416,0,3,0,0,8.05,29.69911764705882,1,0,0,0,1,0,0,0,0,0,0,0,1
385,417,1,2,1,1,32.5,34.0,1,0,0,0,1,0,0,0,0,0,0,0,1
386,418,1,2,0,2,13.0,18.0,1,0,0,0,1,0,0,0,0,0,0,0,1
387,419,0,2,0,0,13.0,30.0,0,1,0,0,1,0,0,0,0,0,0,0,1
388,420,0,3,0,2,24.15,10.0,1,0,0,0,1,0,0,0,0,0,0,0,1
389,421,0,3,0,0,7.8958,29.69911764705882,0,1,0,0,1,0,0,0,0,0,1,0,0
390,422,0,3,0,0,7.7333,21.0,0,1,0,0,1,0,0,0,0,0,0,1,0
391,423,0,3,0,0,7.875,29.0,0,1,0,0,1,0,0,0,0,0,0,0,1
392,424,0,3,1,1,14.4,28.0,1,0,0,0,1,0,0,0,0,0,0,0,1
393,425,0,3,1,1,20.2125,18.0,0,1,0,0,1,0,0,0,0,0,0,0,1
394,426,0,3,0,0,7.25,29.69911764705882,0,1,0,0,1,0,0,0,0,0,0,0,1
395,427,1,2,1,0,26.0,28.0,1,0,0,0,1,0,0,0,0,0,0,0,1
396,428,1,2,0,0,26.0,19.0,1,0,0,0,1,0,0,0,0,0,0,0,1
397,429,0,3,0,0,7.75,29.69911764705882,0,1,0,0,1,0,0,0,0,0,0,1,0
398,430,1,3,0,0,8.05,32.0,0,1,0,0,0,0,1,0,0,0,0,0,1
399,431,1,1,0,0,26.55,28.0,0,1,0,0,1,0,0,0,0,0,0,0,1
400,432,1,3,1,0,16.1,29.69911764705882,1,0,0,0,1,0,0,0,0,0,0,0,1
401,433,1,2,1,0,26.0,42.0,1,0,0,0,1,0,0,0,0,0,0,0,1
402,434,0,3,0,0,7.125,17.0,0,1,0,0,1,0,0,0,0,0,0,0,1
403,435,0,1,1,0,55.9,50.0,0,1,0,0,0,0,1,0,0,0,0,0,1
404,436,1,1,1,2,120.0,14.0,1,0,0,1,0,0,0,0,0,0,0,0,1
405,437,0,3,2,2,34.375,21.0,1,0,0,0,1,0,0,0,0,0,0,0,1
406,438,1,2,2,3,18.75,24.0,1,0,0,0,1,0,0,0,0,0,0,0,1
407,440,0,2,0,0,10.5,31.0,0,1,0,0,1,0,0,0,0,0,0,0,1
408,441,1,2,1,1,26.25,45.0,1,0,0,0,1,0,0,0,0,0,0,0,1
409,442,0,3,0,0,9.5,20.0,0,1,0,0,1,0,0,0,0,0,0,0,1
410,443,0,3,1,0,7.775,25.0,0,1,0,0,1,0,0,0,0,0,0,0,1
411,444,1,2,0,0,13.0,28.0,1,0,0,0,1,0,0,0,0,0,0,0,1
412,445,1,3,0,0,8.1125,29.69911764705882,0,1,0,0,1,0,0,0,0,0,0,0,1
413,446,1,1,0,2,81.8583,4.0,0,1,1,0,0,0,0,0,0,0,0,0,1
414,447,1,2,0,1,19.5,13.0,1,0,0,0,1,0,0,0,0,0,0,0,1
415,448,1,1,0,0,26.55,34.0,0,1,0,0,1,0,0,0,0,0,0,0,1
416,449,1,3,2,1,19.2583,5.0,1,0,0,0,1,0,0,0,0,0,1,0,0
417,450,1,1,0,0,30.5,52.0,0,1,0,0,1,0,0,0,0,0,0,0,1
418,451,0,2,1,2,27.75,36.0,0,1,0,0,1,0,0,0,0,0,0,0,1
419,452,0,3,1,0,19.9667,29.69911764705882,0,1,0,0,1,0,0,0,0,0,0,0,1
420,453,0,1,0,0,27.75,30.0,0,1,0,0,1,0,0,0,0,0,1,0,0
421,454,1,1,1,0,89.1042,49.0,0,1,0,0,1,0,0,0,0,0,1,0,0
422,455,0,3,0,0,8.05,29.69911764705882,0,1,0,0,1,0,0,0,0,0,0,0,1
423,456,1,3,0,0,7.8958,29.0,0,1,0,0,1,0,0,0,0,0,1,0,0
424,458,1,1,1,0,51.8625,29.69911764705882,1,0,0,0,0,1,0,0,0,0,0,0,1
425,459,1,2,0,0,10.5,50.0,1,0,0,0,1,0,0,0,0,0,0,0,1
426,460,0,3,0,0,7.75,29.69911764705882,0,1,0,0,1,0,0,0,0,0,0,1,0
427,461,1,1,0,0,26.55,48.0,0,1,0,0,0,0,1,0,0,0,0,0,1
428,462,0,3,0,0,8.05,34.0,0,1,0,0,1,0,0,0,0,0,0,0,1
429,463,0,1,0,0,38.5,47.0,0,1,0,0,0,0,1,0,0,0,0,0,1
430,464,0,2,0,0,13.0,48.0,0,1,0,0,1,0,0,0,0,0,0,0,1
431,465,0,3,0,0,8.05,29.69911764705882,0,1,0,0,1,0,0,0,0,0,0,0,1
432,466,0,3,0,0,7.05,38.0,0,1,0,0,1,0,0,0,0,0,0,0,1
433,467,0,2,0,0,0.0,29.69911764705882,0,1,0,0,1,0,0,0,0,0,0,0,1
434,469,0,3,0,0,7.725,29.69911764705882,0,1,0,0,1,0,0,0,0,0,0,1,0
435,471,0,3,0,0,7.25,29.69911764705882,0,1,0,0,1,0,0,0,0,0,0,0,1
436,472,0,3,0,0,8.6625,38.0,0,1,0,0,1,0,0,0,0,0,0,0,1
437,473,1,2,1,2,27.75,33.0,1,0,0,0,1,0,0,0,0,0,0,0,1
438,474,1,2,0,0,13.7917,23.0,1,0,0,0,0,1,0,0,0,0,1,0,0
439,475,0,3,0,0,9.8375,22.0,1,0,0,0,1,0,0,0,0,0,0,0,1
440,476,0,1,0,0,52.0,29.69911764705882,0,1,1,0,0,0,0,0,0,0,0,0,1
441,477,0,2,1,0,21.0,34.0,0,1,0,0,1,0,0,0,0,0,0,0,1
442,478,0,3,1,0,7.0458,29.0,0,1,0,0,1,0,0,0,0,0,0,0,1
443,479,0,3,0,0,7.5208,22.0,0,1,0,0,1,0,0,0,0,0,0,0,1
444,481,0,3,5,2,46.9,9.0,0,1,0,0,1,0,0,0,0,0,0,0,1
445,482,0,2,0,0,0.0,29.69911764705882,0,1,0,0,1,0,0,0,0,0,0,0,1
446,483,0,3,0,0,8.05,50.0,0,1,0,0,1,0,0,0,0,0,0,0,1
447,485,1,1,1,0,91.0792,25.0,0,1,0,1,0,0,0,0,0,0,1,0,0
448,486,0,3,3,1,25.4667,29.69911764705882,1,0,0,0,1,0,0,0,0,0,0,0,1
449,487,1,1,1,0,90.0,35.0,1,0,0,0,1,0,0,0,0,0,0,0,1
450,489,0,3,0,0,8.05,30.0,0,1,0,0,1,0,0,0,0,0,0,0,1
451,490,1,3,1,1,15.9,9.0,0,1,0,0,1,0,0,0,0,0,0,0,1
452,491,0,3,1,0,19.9667,29.69911764705882,0,1,0,0,1,0,0,0,0,0,0,0,1
453,492,0,3,0,0,7.25,21.0,0,1,0,0,1,0,0,0,0,0,0,0,1
454,495,0,3,0,0,8.05,21.0,0,1,0,0,1,0,0,0,0,0,0,0,1
455,496,0,3,0,0,14.4583,29.69911764705882,0,1,0,0,1,0,0,0,0,0,1,0,0
456,497,1,1,1,0,78.2667,54.0,1,0,0,0,0,1,0,0,0,0,1,0,0
457,498,0,3,0,0,15.1,29.69911764705882,0,1,0,0,1,0,0,0,0,0,0,0,1
458,499,0,1,1,2,151.55,25.0,1,0,0,0,1,0,0,0,0,0,0,0,1
459,500,0,3,0,0,7.7958,24.0,0,1,0,0,1,0,0,0,0,0,0,0,1
460,501,0,3,0,0,8.6625,17.0,0,1,0,0,1,0,0,0,0,0,0,0,1
461,502,0,3,0,0,7.75,21.0,1,0,0,0,1,0,0,0,0,0,0,1,0
462,503,0,3,0,0,7.6292,29.69911764705882,1,0,0,0,1,0,0,0,0,0,0,1,0
463,504,0,3,0,0,9.5875,37.0,1,0,0,0,1,0,0,0,0,0,0,0,1
464,505,1,1,0,0,86.5,16.0,1,0,0,1,0,0,0,0,0,0,0,0,1
465,506,0,1,1,0,108.9,18.0,0,1,0,0,1,0,0,0,0,0,1,0,0
466,507,1,2,0,2,26.0,33.0,1,0,0,0,1,0,0,0,0,0,0,0,1
467,508,1,1,0,0,26.55,29.69911764705882,0,1,0,0,1,0,0,0,0,0,0,0,1
468,509,0,3,0,0,22.525,28.0,0,1,0,0,1,0,0,0,0,0,0,0,1
469,510,1,3,0,0,56.4958,26.0,0,1,0,0,1,0,0,0,0,0,0,0,1
470,511,1,3,0,0,7.75,29.0,0,1,0,0,1,0,0,0,0,0,0,1,0
471,512,0,3,0,0,8.05,29.69911764705882,0,1,0,0,1,0,0,0,0,0,0,0,1
472,513,1,1,0,0,26.2875,36.0,0,1,0,0,0,0,1,0,0,0,0,0,1
473,514,1,1,1,0,59.4,54.0,1,0,0,0,1,0,0,0,0,0,1,0,0
474,515,0,3,0,0,7.4958,24.0,0,1,0,0,1,0,0,0,0,0,0,0,1
475,516,0,1,0,0,34.0208,47.0,0,1,0,0,0,1,0,0,0,0,0,0,1
476,517,1,2,0,0,10.5,34.0,1,0,0,0,0,0,0,1,0,0,0,0,1
477,518,0,3,0,0,24.15,29.69911764705882,0,1,0,0,1,0,0,0,0,0,0,1,0
478,519,1,2,1,0,26.0,36.0,1,0,0,0,1,0,0,0,0,0,0,0,1
479,520,0,3,0,0,7.8958,32.0,0,1,0,0,1,0,0,0,0,0,0,0,1
480,521,1,1,0,0,93.5,30.0,1,0,0,1,0,0,0,0,0,0,0,0,1
481,522,0,3,0,0,7.8958,22.0,0,1,0,0,1,0,0,0,0,0,0,0,1
482,523,0,3,0,0,7.225,29.69911764705882,0,1,0,0,1,0,0,0,0,0,1,0,0
483,524,1,1,0,1,57.9792,44.0,1,0,0,1,0,0,0,0,0,0,1,0,0
484,525,0,3,0,0,7.2292,29.69911764705882,0,1,0,0,1,0,0,0,0,0,1,0,0
485,526,0,3,0,0,7.75,40.5,0,1,0,0,1,0,0,0,0,0,0,1,0
486,527,1,2,0,0,10.5,50.0,1,0,0,0,1,0,0,0,0,0,0,0,1
487,528,0,1,0,0,221.7792,29.69911764705882,0,1,0,0,1,0,0,0,0,0,0,0,1
488,529,0,3,0,0,7.925,39.0,0,1,0,0,1,0,0,0,0,0,0,0,1
489,530,0,2,2,1,11.5,23.0,0,1,0,0,1,0,0,0,0,0,0,0,1
490,532,0,3,0,0,7.2292,29.69911764705882,0,1,0,0,1,0,0,0,0,0,1,0,0
491,533,0,3,1,1,7.2292,17.0,0,1,0,0,1,0,0,0,0,0,1,0,0
492,534,1,3,0,2,22.3583,29.69911764705882,1,0,0,0,1,0,0,0,0,0,1,0,0
493,535,0,3,0,0,8.6625,30.0,1,0,0,0,1,0,0,0,0,0,0,0,1
494,536,1,2,0,2,26.25,7.0,1,0,0,0,1,0,0,0,0,0,0,0,1
495,537,0,1,0,0,26.55,45.0,0,1,0,1,0,0,0,0,0,0,0,0,1
496,538,1,1,0,0,106.425,30.0,1,0,0,0,1,0,0,0,0,0,1,0,0
497,539,0,3,0,0,14.5,29.69911764705882,0,1,0,0,1,0,0,0,0,0,0,0,1
498,540,1,1,0,2,49.5,22.0,1,0,0,1,0,0,0,0,0,0,1,0,0
499,541,1,1,0,2,71.0,36.0,1,0,0,1,0,0,0,0,0,0,0,0,1
500,542,0,3,4,2,31.275,9.0,1,0,0,0,1,0,0,0,0,0,0,0,1
501,543,0,3,4,2,31.275,11.0,1,0,0,0,1,0,0,0,0,0,0,0,1
502,544,1,2,1,0,26.0,32.0,0,1,0,0,1,0,0,0,0,0,0,0,1
503,545,0,1,1,0,106.425,50.0,0,1,0,0,1,0,0,0,0,0,1,0,0
504,547,1,2,1,0,26.0,19.0,1,0,0,0,1,0,0,0,0,0,0,0,1
505,548,1,2,0,0,13.8625,29.69911764705882,0,1,0,0,1,0,0,0,0,0,1,0,0
506,549,0,3,1,1,20.525,33.0,0,1,0,0,1,0,0,0,0,0,0,0,1
507,550,1,2,1,1,36.75,8.0,0,1,0,0,1,0,0,0,0,0,0,0,1
508,551,1,1,0,2,110.8833,17.0,0,1,0,0,1,0,0,0,0,0,1,0,0
509,552,0,2,0,0,26.0,27.0,0,1,0,0,1,0,0,0,0,0,0,0,1
510,553,0,3,0,0,7.8292,29.69911764705882,0,1,0,0,1,0,0,0,0,0,0,1,0
511,554,1,3,0,0,7.225,22.0,0,1,0,0,1,0,0,0,0,0,1,0,0
512,555,1,3,0,0,7.775,22.0,1,0,0,0,1,0,0,0,0,0,0,0,1
513,557,1,1,1,0,39.6,48.0,1,0,1,0,0,0,0,0,0,0,1,0,0
514,558,0,1,0,0,227.525,29.69911764705882,0,1,0,0,1,0,0,0,0,0,1,0,0
515,559,1,1,1,1,79.65,39.0,1,0,0,0,0,0,1,0,0,0,0,0,1
516,560,1,3,1,0,17.4,36.0,1,0,0,0,1,0,0,0,0,0,0,0,1
517,561,0,3,0,0,7.75,29.69911764705882,0,1,0,0,1,0,0,0,0,0,0,1,0
518,562,0,3,0,0,7.8958,40.0,0,1,0,0,1,0,0,0,0,0,0,0,1
519,563,0,2,0,0,13.5,28.0,0,1,0,0,1,0,0,0,0,0,0,0,1
520,564,0,3,0,0,8.05,29.69911764705882,0,1,0,0,1,0,0,0,0,0,0,0,1
521,565,0,3,0,0,8.05,29.69911764705882,1,0,0,0,1,0,0,0,0,0,0,0,1
522,566,0,3,2,0,24.15,24.0,0,1,0,0,1,0,0,0,0,0,0,0,1
523,567,0,3,0,0,7.8958,19.0,0,1,0,0,1,0,0,0,0,0,0,0,1
524,568,0,3,0,4,21.075,29.0,1,0,0,0,1,0,0,0,0,0,0,0,1
525,569,0,3,0,0,7.2292,29.69911764705882,0,1,0,0,1,0,0,0,0,0,1,0,0
526,570,1,3,0,0,7.8542,32.0,0,1,0,0,1,0,0,0,0,0,0,0,1
527,572,1,1,2,0,51.4792,53.0,1,0,0,0,1,0,0,0,0,0,0,0,1
528,573,1,1,0,0,26.3875,36.0,0,1,0,0,0,0,1,0,0,0,0,0,1
529,574,1,3,0,0,7.75,29.69911764705882,1,0,0,0,1,0,0,0,0,0,0,1,0
530,575,0,3,0,0,8.05,16.0,0,1,0,0,1,0,0,0,0,0,0,0,1
531,576,0,3,0,0,14.5,19.0,0,1,0,0,1,0,0,0,0,0,0,0,1
532,577,1,2,0,0,13.0,34.0,1,0,0,0,1,0,0,0,0,0,0,0,1
533,578,1,1,1,0,55.9,39.0,1,0,0,0,0,0,1,0,0,0,0,0,1
534,579,0,3,1,0,14.4583,29.69911764705882,1,0,0,0,1,0,0,0,0,0,1,0,0
535,580,1,3,0,0,7.925,32.0,0,1,0,0,1,0,0,0,0,0,0,0,1
536,581,1,2,1,1,30.0,25.0,1,0,0,0,1,0,0,0,0,0,0,0,1
537,582,1,1,1,1,110.8833,39.0,1,0,0,0,1,0,0,0,0,0,1,0,0
538,583,0,2,0,0,26.0,54.0,0,1,0,0,1,0,0,0,0,0,0,0,1
539,584,0,1,0,0,40.125,36.0,0,1,1,0,0,0,0,0,0,0,1,0,0
540,585,0,3,0,0,8.7125,29.69911764705882,0,1,0,0,1,0,0,0,0,0,1,0,0
541,586,1,1,0,2,79.65,18.0,1,0,0,0,0,0,1,0,0,0,0,0,1
542,587,0,2,0,0,15.0,47.0,0,1,0,0,1,0,0,0,0,0,0,0,1
543,589,0,3,0,0,8.05,22.0,0,1,0,0,1,0,0,0,0,0,0,0,1
544,590,0,3,0,0,8.05,29.69911764705882,0,1,0,0,1,0,0,0,0,0,0,0,1
545,591,0,3,0,0,7.125,35.0,0,1,0,0,1,0,0,0,0,0,0,0,1
546,592,1,1,1,0,78.2667,52.0,1,0,0,0,0,1,0,0,0,0,1,0,0
547,593,0,3,0,0,7.25,47.0,0,1,0,0,1,0,0,0,0,0,0,0,1
548,594,0,3,0,2,7.75,29.69911764705882,1,0,0,0,1,0,0,0,0,0,0,1,0
549,595,0,2,1,0,26.0,37.0,0,1,0,0,1,0,0,0,0,0,0,0,1
550,596,0,3,1,1,24.15,36.0,0,1,0,0,1,0,0,0,0,0,0,0,1
551,597,1,2,0,0,33.0,29.69911764705882,1,0,0,0,1,0,0,0,0,0,0,0,1
552,598,0,3,0,0,0.0,49.0,0,1,0,0,1,0,0,0,0,0,0,0,1
553,599,0,3,0,0,7.225,29.69911764705882,0,1,0,0,1,0,0,0,0,0,1,0,0
554,600,1,1,1,0,56.9292,49.0,0,1,1,0,0,0,0,0,0,0,1,0,0
555,601,1,2,2,1,27.0,24.0,1,0,0,0,1,0,0,0,0,0,0,0,1
556,602,0,3,0,0,7.8958,29.69911764705882,0,1,0,0,1,0,0,0,0,0,0,0,1
557,603,0,1,0,0,42.4,29.69911764705882,0,1,0,0,1,0,0,0,0,0,0,0,1
558,604,0,3,0,0,8.05,44.0,0,1,0,0,1,0,0,0,0,0,0,0,1
559,605,1,1,0,0,26.55,35.0,0,1,0,0,1,0,0,0,0,0,1,0,0
560,606,0,3,1,0,15.55,36.0,0,1,0,0,1,0,0,0,0,0,0,0,1
561,607,0,3,0,0,7.8958,30.0,0,1,0,0,1,0,0,0,0,0,0,0,1
562,608,1,1,0,0,30.5,27.0,0,1,0,0,1,0,0,0,0,0,0,0,1
563,609,1,2,1,2,41.5792,22.0,1,0,0,0,1,0,0,0,0,0,1,0,0
564,610,1,1,0,0,153.4625,40.0,1,0,0,0,1,0,0,0,0,0,0,0,1
565,611,0,3,1,5,31.275,39.0,1,0,0,0,1,0,0,0,0,0,0,0,1
566,612,0,3,0,0,7.05,29.69911764705882,0,1,0,0,1,0,0,0,0,0,0,0,1
567,613,1,3,1,0,15.5,29.69911764705882,1,0,0,0,1,0,0,0,0,0,0,1,0
568,614,0,3,0,0,7.75,29.69911764705882,0,1,0,0,1,0,0,0,0,0,0,1,0
569,615,0,3,0,0,8.05,35.0,0,1,0,0,1,0,0,0,0,0,0,0,1
570,616,1,2,1,2,65.0,24.0,1,0,0,0,1,0,0,0,0,0,0,0,1
571,617,0,3,1,1,14.4,34.0,0,1,0,0,1,0,0,0,0,0,0,0,1
572,618,0,3,1,0,16.1,26.0,1,0,0,0,1,0,0,0,0,0,0,0,1
573,619,1,2,2,1,39.0,4.0,1,0,0,0,0,0,0,1,0,0,0,0,1
574,620,0,2,0,0,10.5,26.0,0,1,0,0,1,0,0,0,0,0,0,0,1
575,621,0,3,1,0,14.4542,27.0,0,1,0,0,1,0,0,0,0,0,1,0,0
576,622,1,1,1,0,52.5542,42.0,0,1,0,0,0,1,0,0,0,0,0,0,1
577,623,1,3,1,1,15.7417,20.0,0,1,0,0,1,0,0,0,0,0,1,0,0
578,624,0,3,0,0,7.8542,21.0,0,1,0,0,1,0,0,0,0,0,0,0,1
579,625,0,3,0,0,16.1,21.0,0,1,0,0,1,0,0,0,0,0,0,0,1
580,628,1,1,0,0,77.9583,21.0,1,0,0,0,0,1,0,0,0,0,0,0,1
581,629,0,3,0,0,7.8958,26.0,0,1,0,0,1,0,0,0,0,0,0,0,1
582,630,0,3,0,0,7.7333,29.69911764705882,0,1,0,0,1,0,0,0,0,0,0,1,0
583,632,0,3,0,0,7.0542,51.0,0,1,0,0,1,0,0,0,0,0,0,0,1
584,633,1,1,0,0,30.5,32.0,0,1,0,1,0,0,0,0,0,0,1,0,0
585,634,0,1,0,0,0.0,29.69911764705882,0,1,0,0,1,0,0,0,0,0,0,0,1
586,635,0,3,3,2,27.9,9.0,1,0,0,0,1,0,0,0,0,0,0,0,1
587,636,1,2,0,0,13.0,28.0,1,0,0,0,1,0,0,0,0,0,0,0,1
588,637,0,3,0,0,7.925,32.0,0,1,0,0,1,0,0,0,0,0,0,0,1
589,638,0,2,1,1,26.25,31.0,0,1,0,0,1,0,0,0,0,0,0,0,1
590,639,0,3,0,5,39.6875,41.0,1,0,0,0,1,0,0,0,0,0,0,0,1
591,640,0,3,1,0,16.1,29.69911764705882,0,1,0,0,1,0,0,0,0,0,0,0,1
592,641,0,3,0,0,7.8542,20.0,0,1,0,0,1,0,0,0,0,0,0,0,1
593,642,1,1,0,0,69.3,24.0,1,0,0,1,0,0,0,0,0,0,1,0,0
594,644,1,3,0,0,56.4958,29.69911764705882,0,1,0,0,1,0,0,0,0,0,0,0,1
595,646,1,1,1,0,76.7292,48.0,0,1,0,0,0,1,0,0,0,0,1,0,0
596,647,0,3,0,0,7.8958,19.0,0,1,0,0,1,0,0,0,0,0,0,0,1
597,649,0,3,0,0,7.55,29.69911764705882,0,1,0,0,1,0,0,0,0,0,0,0,1
598,650,1,3,0,0,7.55,23.0,1,0,0,0,1,0,0,0,0,0,0,0,1
599,651,0,3,0,0,7.8958,29.69911764705882,0,1,0,0,1,0,0,0,0,0,0,0,1
600,652,1,2,0,1,23.0,18.0,1,0,0,0,1,0,0,0,0,0,0,0,1
601,653,0,3,0,0,8.4333,21.0,0,1,0,0,1,0,0,0,0,0,0,0,1
602,654,1,3,0,0,7.8292,29.69911764705882,1,0,0,0,1,0,0,0,0,0,0,1,0
603,655,0,3,0,0,6.75,18.0,1,0,0,0,1,0,0,0,0,0,0,1,0
604,656,0,2,2,0,73.5,24.0,0,1,0,0,1,0,0,0,0,0,0,0,1
605,657,0,3,0,0,7.8958,29.69911764705882,0,1,0,0,1,0,0,0,0,0,0,0,1
606,658,0,3,1,1,15.5,32.0,1,0,0,0,1,0,0,0,0,0,0,1,0
607,659,0,2,0,0,13.0,23.0,0,1,0,0,1,0,0,0,0,0,0,0,1
608,661,1,1,2,0,133.65,50.0,0,1,0,0,1,0,0,0,0,0,0,0,1
609,662,0,3,0,0,7.225,40.0,0,1,0,0,1,0,0,0,0,0,1,0,0
610,663,0,1,0,0,25.5875,47.0,0,1,0,0,0,0,1,0,0,0,0,0,1
611,664,0,3,0,0,7.4958,36.0,0,1,0,0,1,0,0,0,0,0,0,0,1
612,665,1,3,1,0,7.925,20.0,0,1,0,0,1,0,0,0,0,0,0,0,1
613,666,0,2,2,0,73.5,32.0,0,1,0,0,1,0,0,0,0,0,0,0,1
614,667,0,2,0,0,13.0,25.0,0,1,0,0,1,0,0,0,0,0,0,0,1
615,668,0,3,0,0,7.775,29.69911764705882,0,1,0,0,1,0,0,0,0,0,0,0,1
616,669,0,3,0,0,8.05,43.0,0,1,0,0,1,0,0,0,0,0,0,0,1
617,670,1,1,1,0,52.0,29.69911764705882,1,0,0,0,1,0,0,0,0,0,0,0,1
618,671,1,2,1,1,39.0,40.0,1,0,0,0,1,0,0,0,0,0,0,0,1
619,672,0,1,1,0,52.0,31.0,0,1,0,1,0,0,0,0,0,0,0,0,1
620,674,1,2,0,0,13.0,31.0,0,1,0,0,1,0,0,0,0,0,0,0,1
621,675,0,2,0,0,0.0,29.69911764705882,0,1,0,0,1,0,0,0,0,0,0,0,1
622,676,0,3,0,0,7.775,18.0,0,1,0,0,1,0,0,0,0,0,0,0,1
623,677,0,3,0,0,8.05,24.5,0,1,0,0,1,0,0,0,0,0,0,0,1
624,678,1,3,0,0,9.8417,18.0,1,0,0,0,1,0,0,0,0,0,0,0,1
625,679,0,3,1,6,46.9,43.0,1,0,0,0,1,0,0,0,0,0,0,0,1
626,680,1,1,0,1,512.3292,36.0,0,1,0,1,0,0,0,0,0,0,1,0,0
627,681,0,3,0,0,8.1375,29.69911764705882,1,0,0,0,1,0,0,0,0,0,0,1,0
628,682,1,1,0,0,76.7292,27.0,0,1,0,0,0,1,0,0,0,0,1,0,0
629,683,0,3,0,0,9.225,20.0,0,1,0,0,1,0,0,0,0,0,0,0,1
630,684,0,3,5,2,46.9,14.0,0,1,0,0,1,0,0,0,0,0,0,0,1
631,686,0,2,1,2,41.5792,25.0,0,1,0,0,1,0,0,0,0,0,1,0,0
632,687,0,3,4,1,39.6875,14.0,0,1,0,0,1,0,0,0,0,0,0,0,1
633,688,0,3,0,0,10.1708,19.0,0,1,0,0,1,0,0,0,0,0,0,0,1
634,689,0,3,0,0,7.7958,18.0,0,1,0,0,1,0,0,0,0,0,0,0,1
635,690,1,1,0,1,211.3375,15.0,1,0,0,1,0,0,0,0,0,0,0,0,1
636,691,1,1,1,0,57.0,31.0,0,1,0,1,0,0,0,0,0,0,0,0,1
637,692,1,3,0,1,13.4167,4.0,1,0,0,0,1,0,0,0,0,0,1,0,0
638,693,1,3,0,0,56.4958,29.69911764705882,0,1,0,0,1,0,0,0,0,0,0,0,1
639,694,0,3,0,0,7.225,25.0,0,1,0,0,1,0,0,0,0,0,1,0,0
640,696,0,2,0,0,13.5,52.0,0,1,0,0,1,0,0,0,0,0,0,0,1
641,697,0,3,0,0,8.05,44.0,0,1,0,0,1,0,0,0,0,0,0,0,1
642,698,1,3,0,0,7.7333,29.69911764705882,1,0,0,0,1,0,0,0,0,0,0,1,0
643,699,0,1,1,1,110.8833,49.0,0,1,0,0,1,0,0,0,0,0,1,0,0
644,700,0,3,0,0,7.65,42.0,0,1,0,0,0,0,0,1,0,0,0,0,1
645,701,1,1,1,0,227.525,18.0,1,0,0,0,1,0,0,0,0,0,1,0,0
646,702,1,1,0,0,26.2875,35.0,0,1,0,0,0,0,1,0,0,0,0,0,1
647,703,0,3,0,1,14.4542,18.0,1,0,0,0,1,0,0,0,0,0,1,0,0
648,704,0,3,0,0,7.7417,25.0,0,1,0,0,1,0,0,0,0,0,0,1,0
649,705,0,3,1,0,7.8542,26.0,0,1,0,0,1,0,0,0,0,0,0,0,1
650,706,0,2,0,0,26.0,39.0,0,1,0,0,1,0,0,0,0,0,0,0,1
651,707,1,2,0,0,13.5,45.0,1,0,0,0,1,0,0,0,0,0,0,0,1
652,708,1,1,0,0,26.2875,42.0,0,1,0,0,0,0,1,0,0,0,0,0,1
653,709,1,1,0,0,151.55,22.0,1,0,0,0,1,0,0,0,0,0,0,0,1
654,710,1,3,1,1,15.2458,29.69911764705882,0,1,0,0,1,0,0,0,0,0,1,0,0
655,711,1,1,0,0,49.5042,24.0,1,0,0,0,1,0,0,0,0,0,1,0,0
656,712,0,1,0,0,26.55,29.69911764705882,0,1,0,0,1,0,0,0,0,0,0,0,1
657,713,1,1,1,0,52.0,48.0,0,1,0,0,1,0,0,0,0,0,0,0,1
658,714,0,3,0,0,9.4833,29.0,0,1,0,0,1,0,0,0,0,0,0,0,1
659,715,0,2,0,0,13.0,52.0,0,1,0,0,1,0,0,0,0,0,0,0,1
660,716,0,3,0,0,7.65,19.0,0,1,0,0,0,0,0,1,0,0,0,0,1
661,717,1,1,0,0,227.525,38.0,1,0,0,0,1,0,0,0,0,0,1,0,0
662,718,1,2,0,0,10.5,27.0,1,0,0,0,0,0,1,0,0,0,0,0,1
663,719,0,3,0,0,15.5,29.69911764705882,0,1,0,0,1,0,0,0,0,0,0,1,0
664,720,0,3,0,0,7.775,33.0,0,1,0,0,1,0,0,0,0,0,0,0,1
665,721,1,2,0,1,33.0,6.0,1,0,0,0,1,0,0,0,0,0,0,0,1
666,722,0,3,1,0,7.0542,17.0,0,1,0,0,1,0,0,0,0,0,0,0,1
667,723,0,2,0,0,13.0,34.0,0,1,0,0,1,0,0,0,0,0,0,0,1
668,724,0,2,0,0,13.0,50.0,0,1,0,0,1,0,0,0,0,0,0,0,1
669,725,1,1,1,0,53.1,27.0,0,1,0,0,0,0,1,0,0,0,0,0,1
670,726,0,3,0,0,8.6625,20.0,0,1,0,0,1,0,0,0,0,0,0,0,1
671,727,1,2,3,0,21.0,30.0,1,0,0,0,1,0,0,0,0,0,0,0,1
672,728,1,3,0,0,7.7375,29.69911764705882,1,0,0,0,1,0,0,0,0,0,0,1,0
673,729,0,2,1,0,26.0,25.0,0,1,0,0,1,0,0,0,0,0,0,0,1
674,730,0,3,1,0,7.925,25.0,1,0,0,0,1,0,0,0,0,0,0,0,1
675,731,1,1,0,0,211.3375,29.0,1,0,0,1,0,0,0,0,0,0,0,0,1
676,732,0,3,0,0,18.7875,11.0,0,1,0,0,1,0,0,0,0,0,1,0,0
677,733,0,2,0,0,0.0,29.69911764705882,0,1,0,0,1,0,0,0,0,0,0,0,1
678,734,0,2,0,0,13.0,23.0,0,1,0,0,1,0,0,0,0,0,0,0,1
679,735,0,2,0,0,13.0,23.0,0,1,0,0,1,0,0,0,0,0,0,0,1
680,736,0,3,0,0,16.1,28.5,0,1,0,0,1,0,0,0,0,0,0,0,1
681,737,0,3,1,3,34.375,48.0,1,0,0,0,1,0,0,0,0,0,0,0,1
682,738,1,1,0,0,512.3292,35.0,0,1,0,1,0,0,0,0,0,0,1,0,0
683,739,0,3,0,0,7.8958,29.69911764705882,0,1,0,0,1,0,0,0,0,0,0,0,1
684,740,0,3,0,0,7.8958,29.69911764705882,0,1,0,0,1,0,0,0,0,0,0,0,1
685,741,1,1,0,0,30.0,29.69911764705882,0,1,0,0,0,1,0,0,0,0,0,0,1
686,742,0,1,1,0,78.85,36.0,0,1,0,0,1,0,0,0,0,0,0,0,1
687,743,1,1,2,2,262.375,21.0,1,0,0,1,0,0,0,0,0,0,1,0,0
688,744,0,3,1,0,16.1,24.0,0,1,0,0,1,0,0,0,0,0,0,0,1
689,745,1,3,0,0,7.925,31.0,0,1,0,0,1,0,0,0,0,0,0,0,1
690,747,0,3,1,1,20.25,16.0,0,1,0,0,1,0,0,0,0,0,0,0,1
691,748,1,2,0,0,13.0,30.0,1,0,0,0,1,0,0,0,0,0,0,0,1
692,749,0,1,1,0,53.1,19.0,0,1,0,0,0,1,0,0,0,0,0,0,1
693,750,0,3,0,0,7.75,31.0,0,1,0,0,1,0,0,0,0,0,0,1,0
694,751,1,2,1,1,23.0,4.0,1,0,0,0,1,0,0,0,0,0,0,0,1
695,752,1,3,0,1,12.475,6.0,0,1,0,0,0,0,1,0,0,0,0,0,1
696,753,0,3,0,0,9.5,33.0,0,1,0,0,1,0,0,0,0,0,0,0,1
697,754,0,3,0,0,7.8958,23.0,0,1,0,0,1,0,0,0,0,0,0,0,1
698,755,1,2,1,2,65.0,48.0,1,0,0,0,1,0,0,0,0,0,0,0,1
699,757,0,3,0,0,7.7958,28.0,0,1,0,0,1,0,0,0,0,0,0,0,1
700,758,0,2,0,0,11.5,18.0,0,1,0,0,1,0,0,0,0,0,0,0,1
701,759,0,3,0,0,8.05,34.0,0,1,0,0,1,0,0,0,0,0,0,0,1
702,760,1,1,0,0,86.5,33.0,1,0,0,1,0,0,0,0,0,0,0,0,1
703,761,0,3,0,0,14.5,29.69911764705882,0,1,0,0,1,0,0,0,0,0,0,0,1
704,762,0,3,0,0,7.125,41.0,0,1,0,0,1,0,0,0,0,0,0,0,1
705,763,1,3,0,0,7.2292,20.0,0,1,0,0,1,0,0,0,0,0,1,0,0
706,764,1,1,1,2,120.0,36.0,1,0,0,1,0,0,0,0,0,0,0,0,1
707,765,0,3,0,0,7.775,16.0,0,1,0,0,1,0,0,0,0,0,0,0,1
708,766,1,1,1,0,77.9583,51.0,1,0,0,0,0,1,0,0,0,0,0,0,1
709,767,0,1,0,0,39.6,29.69911764705882,0,1,0,0,1,0,0,0,0,0,1,0,0
710,768,0,3,0,0,7.75,30.5,1,0,0,0,1,0,0,0,0,0,0,1,0
711,769,0,3,1,0,24.15,29.69911764705882,0,1,0,0,1,0,0,0,0,0,0,1,0
712,770,0,3,0,0,8.3625,32.0,0,1,0,0,1,0,0,0,0,0,0,0,1
713,771,0,3,0,0,9.5,24.0,0,1,0,0,1,0,0,0,0,0,0,0,1
714,772,0,3,0,0,7.8542,48.0,0,1,0,0,1,0,0,0,0,0,0,0,1
715,774,0,3,0,0,7.225,29.69911764705882,0,1,0,0,1,0,0,0,0,0,1,0,0
716,775,1,2,1,3,23.0,54.0,1,0,0,0,1,0,0,0,0,0,0,0,1
717,776,0,3,0,0,7.75,18.0,0,1,0,0,1,0,0,0,0,0,0,0,1
718,777,0,3,0,0,7.75,29.69911764705882,0,1,0,0,0,0,0,1,0,0,0,1,0
719,778,1,3,0,0,12.475,5.0,1,0,0,0,1,0,0,0,0,0,0,0,1
720,779,0,3,0,0,7.7375,29.69911764705882,0,1,0,0,1,0,0,0,0,0,0,1,0
721,780,1,1,0,1,211.3375,43.0,1,0,0,1,0,0,0,0,0,0,0,0,1
722,781,1,3,0,0,7.2292,13.0,1,0,0,0,1,0,0,0,0,0,1,0,0
723,782,1,1,1,0,57.0,17.0,1,0,0,1,0,0,0,0,0,0,0,0,1
724,783,0,1,0,0,30.0,29.0,0,1,0,0,0,1,0,0,0,0,0,0,1
725,784,0,3,1,2,23.45,29.69911764705882,0,1,0,0,1,0,0,0,0,0,0,0,1
726,785,0,3,0,0,7.05,25.0,0,1,0,0,1,0,0,0,0,0,0,0,1
727,786,0,3,0,0,7.25,25.0,0,1,0,0,1,0,0,0,0,0,0,0,1
728,787,1,3,0,0,7.4958,18.0,1,0,0,0,1,0,0,0,0,0,0,0,1
729,788,0,3,4,1,29.125,8.0,0,1,0,0,1,0,0,0,0,0,0,1,0
730,790,0,1,0,0,79.2,46.0,0,1,0,1,0,0,0,0,0,0,1,0,0
731,791,0,3,0,0,7.75,29.69911764705882,0,1,0,0,1,0,0,0,0,0,0,1,0
732,792,0,2,0,0,26.0,16.0,0,1,0,0,1,0,0,0,0,0,0,0,1
733,793,0,3,8,2,69.55,29.69911764705882,1,0,0,0,1,0,0,0,0,0,0,0,1
734,794,0,1,0,0,30.6958,29.69911764705882,0,1,0,0,1,0,0,0,0,0,1,0,0
735,795,0,3,0,0,7.8958,25.0,0,1,0,0,1,0,0,0,0,0,0,0,1
736,796,0,2,0,0,13.0,39.0,0,1,0,0,1,0,0,0,0,0,0,0,1
737,797,1,1,0,0,25.9292,49.0,1,0,0,0,0,1,0,0,0,0,0,0,1
738,798,1,3,0,0,8.6833,31.0,1,0,0,0,1,0,0,0,0,0,0,0,1
739,799,0,3,0,0,7.2292,30.0,0,1,0,0,1,0,0,0,0,0,1,0,0
740,800,0,3,1,1,24.15,30.0,1,0,0,0,1,0,0,0,0,0,0,0,1
741,801,0,2,0,0,13.0,34.0,0,1,0,0,1,0,0,0,0,0,0,0,1
742,802,1,2,1,1,26.25,31.0,1,0,0,0,1,0,0,0,0,0,0,0,1
743,803,1,1,1,2,120.0,11.0,0,1,0,1,0,0,0,0,0,0,0,0,1
744,805,1,3,0,0,6.975,27.0,0,1,0,0,1,0,0,0,0,0,0,0,1
745,806,0,3,0,0,7.775,31.0,0,1,0,0,1,0,0,0,0,0,0,0,1
746,807,0,1,0,0,0.0,39.0,0,1,1,0,0,0,0,0,0,0,0,0,1
747,808,0,3,0,0,7.775,18.0,1,0,0,0,1,0,0,0,0,0,0,0,1
748,809,0,2,0,0,13.0,39.0,0,1,0,0,1,0,0,0,0,0,0,0,1
749,810,1,1,1,0,53.1,33.0,1,0,0,0,0,0,1,0,0,0,0,0,1
750,811,0,3,0,0,7.8875,26.0,0,1,0,0,1,0,0,0,0,0,0,0,1
751,812,0,3,0,0,24.15,39.0,0,1,0,0,1,0,0,0,0,0,0,0,1
752,813,0,2,0,0,10.5,35.0,0,1,0,0,1,0,0,0,0,0,0,0,1
753,814,0,3,4,2,31.275,6.0,1,0,0,0,1,0,0,0,0,0,0,0,1
754,815,0,3,0,0,8.05,30.5,0,1,0,0,1,0,0,0,0,0,0,0,1
755,816,0,1,0,0,0.0,29.69911764705882,0,1,0,1,0,0,0,0,0,0,0,0,1
756,817,0,3,0,0,7.925,23.0,1,0,0,0,1,0,0,0,0,0,0,0,1
757,818,0,2,1,1,37.0042,31.0,0,1,0,0,1,0,0,0,0,0,1,0,0
758,819,0,3,0,0,6.45,43.0,0,1,0,0,1,0,0,0,0,0,0,0,1
759,820,0,3,3,2,27.9,10.0,0,1,0,0,1,0,0,0,0,0,0,0,1
760,821,1,1,1,1,93.5,52.0,1,0,0,1,0,0,0,0,0,0,0,0,1
761,822,1,3,0,0,8.6625,27.0,0,1,0,0,1,0,0,0,0,0,0,0,1
762,823,0,1,0,0,0.0,38.0,0,1,0,0,1,0,0,0,0,0,0,0,1
763,824,1,3,0,1,12.475,27.0,1,0,0,0,0,0,1,0,0,0,0,0,1
764,826,0,3,0,0,6.95,29.69911764705882,0,1,0,0,1,0,0,0,0,0,0,1,0
765,827,0,3,0,0,56.4958,29.69911764705882,0,1,0,0,1,0,0,0,0,0,0,0,1
766,829,1,3,0,0,7.75,29.69911764705882,0,1,0,0,1,0,0,0,0,0,0,1,0
767,831,1,3,1,0,14.4542,15.0,1,0,0,0,1,0,0,0,0,0,1,0,0
768,833,0,3,0,0,7.2292,29.69911764705882,0,1,0,0,1,0,0,0,0,0,1,0,0
769,834,0,3,0,0,7.8542,23.0,0,1,0,0,1,0,0,0,0,0,0,0,1
770,835,0,3,0,0,8.3,18.0,0,1,0,0,1,0,0,0,0,0,0,0,1
771,836,1,1,1,1,83.1583,39.0,1,0,0,0,0,0,1,0,0,0,1,0,0
772,837,0,3,0,0,8.6625,21.0,0,1,0,0,1,0,0,0,0,0,0,0,1
773,838,0,3,0,0,8.05,29.69911764705882,0,1,0,0,1,0,0,0,0,0,0,0,1
774,839,1,3,0,0,56.4958,32.0,0,1,0,0,1,0,0,0,0,0,0,0,1
775,840,1,1,0,0,29.7,29.69911764705882,0,1,0,0,1,0,0,0,0,0,1,0,0
776,841,0,3,0,0,7.925,20.0,0,1,0,0,1,0,0,0,0,0,0,0,1
777,842,0,2,0,0,10.5,16.0,0,1,0,0,1,0,0,0,0,0,0,0,1
778,843,1,1,0,0,31.0,30.0,1,0,0,0,1,0,0,0,0,0,1,0,0
779,844,0,3,0,0,6.4375,34.5,0,1,0,0,1,0,0,0,0,0,1,0,0
780,845,0,3,0,0,8.6625,17.0,0,1,0,0,1,0,0,0,0,0,0,0,1
781,846,0,3,0,0,7.55,42.0,0,1,0,0,1,0,0,0,0,0,0,0,1
782,847,0,3,8,2,69.55,29.69911764705882,0,1,0,0,1,0,0,0,0,0,0,0,1
783,848,0,3,0,0,7.8958,35.0,0,1,0,0,1,0,0,0,0,0,1,0,0
784,849,0,2,0,1,33.0,28.0,0,1,0,0,1,0,0,0,0,0,0,0,1
785,850,1,1,1,0,89.1042,29.69911764705882,1,0,0,0,1,0,0,0,0,0,1,0,0
786,851,0,3,4,2,31.275,4.0,0,1,0,0,1,0,0,0,0,0,0,0,1
787,853,0,3,1,1,15.2458,9.0,1,0,0,0,1,0,0,0,0,0,1,0,0
788,854,1,1,0,1,39.4,16.0,1,0,0,0,0,1,0,0,0,0,0,0,1
789,855,0,2,1,0,26.0,44.0,1,0,0,0,1,0,0,0,0,0,0,0,1
790,856,1,3,0,1,9.35,18.0,1,0,0,0,1,0,0,0,0,0,0,0,1
791,857,1,1,1,1,164.8667,45.0,1,0,0,0,1,0,0,0,0,0,0,0,1
792,858,1,1,0,0,26.55,51.0,0,1,0,0,0,0,1,0,0,0,0,0,1
793,859,1,3,0,3,19.2583,24.0,1,0,0,0,1,0,0,0,0,0,1,0,0
794,860,0,3,0,0,7.2292,29.69911764705882,0,1,0,0,1,0,0,0,0,0,1,0,0
795,861,0,3,2,0,14.1083,41.0,0,1,0,0,1,0,0,0,0,0,0,0,1
796,862,0,2,1,0,11.5,21.0,0,1,0,0,1,0,0,0,0,0,0,0,1
797,863,1,1,0,0,25.9292,48.0,1,0,0,0,0,1,0,0,0,0,0,0,1
798,864,0,3,8,2,69.55,29.69911764705882,1,0,0,0,1,0,0,0,0,0,0,0,1
799,865,0,2,0,0,13.0,24.0,0,1,0,0,1,0,0,0,0,0,0,0,1
800,866,1,2,0,0,13.0,42.0,1,0,0,0,1,0,0,0,0,0,0,0,1
801,867,1,2,1,0,13.8583,27.0,1,0,0,0,1,0,0,0,0,0,1,0,0
802,868,0,1,0,0,50.4958,31.0,0,1,1,0,0,0,0,0,0,0,0,0,1
803,869,0,3,0,0,9.5,29.69911764705882,0,1,0,0,1,0,0,0,0,0,0,0,1
804,870,1,3,1,1,11.1333,4.0,0,1,0,0,1,0,0,0,0,0,0,0,1
805,871,0,3,0,0,7.8958,26.0,0,1,0,0,1,0,0,0,0,0,0,0,1
806,872,1,1,1,1,52.5542,47.0,1,0,0,0,0,1,0,0,0,0,0,0,1
807,873,0,1,0,0,5.0,33.0,0,1,0,1,0,0,0,0,0,0,0,0,1
808,874,0,3,0,0,9.0,47.0,0,1,0,0,1,0,0,0,0,0,0,0,1
809,875,1,2,1,0,24.0,28.0,1,0,0,0,1,0,0,0,0,0,1,0,0
810,876,1,3,0,0,7.225,15.0,1,0,0,0,1,0,0,0,0,0,1,0,0
811,877,0,3,0,0,9.8458,20.0,0,1,0,0,1,0,0,0,0,0,0,0,1
812,878,0,3,0,0,7.8958,19.0,0,1,0,0,1,0,0,0,0,0,0,0,1
813,879,0,3,0,0,7.8958,29.69911764705882,0,1,0,0,1,0,0,0,0,0,0,0,1
814,881,1,2,0,1,26.0,25.0,1,0,0,0,1,0,0,0,0,0,0,0,1
815,882,0,3,0,0,7.8958,33.0,0,1,0,0,1,0,0,0,0,0,0,0,1
816,883,0,3,0,0,10.5167,22.0,1,0,0,0,1,0,0,0,0,0,0,0,1
817,884,0,2,0,0,10.5,28.0,0,1,0,0,1,0,0,0,0,0,0,0,1
818,885,0,3,0,0,7.05,25.0,0,1,0,0,1,0,0,0,0,0,0,0,1
819,886,0,3,0,5,29.125,39.0,1,0,0,0,1,0,0,0,0,0,0,1,0
820,887,0,2,0,0,13.0,27.0,0,1,0,0,1,0,0,0,0,0,0,0,1
821,888,1,1,0,0,30.0,19.0,1,0,0,1,0,0,0,0,0,0,0,0,1
822,889,0,3,1,2,23.45,29.69911764705882,1,0,0,0,1,0,0,0,0,0,0,0,1
823,890,1,1,0,0,30.0,26.0,0,1,0,0,1,0,0,0,0,0,1,0,0
824,891,0,3,0,0,7.75,32.0,0,1,0,0,1,0,0,0,0,0,0,1,0
